Config_ID,Config_Name,Index_Type,Datastore,Compression,Query_Processing,Optimization,Index_Time_Seconds,Latency_Mean_ms,Latency_P50_ms,Latency_P95_ms,Latency_P99_ms,Latency_Min_ms,Latency_Max_ms,Throughput_Single_Thread_QPS,Throughput_Multi_Thread_QPS,Throughput_Speedup_Factor,Memory_Index_Size_MB,Memory_Docs_Per_MB,Memory_Growth_MB,Functional_MAP,Functional_Recall,Functional_F1_Score,Functional_NDCG,Functional_Coverage_Rate,Latency_Boolean_Queries_Mean_ms,Latency_Boolean_Queries_P95_ms,Latency_Common_Terms_Mean_ms,Latency_Common_Terms_P95_ms,Latency_Empty_No_Results_Mean_ms,Latency_Empty_No_Results_P95_ms,Latency_Long_Queries_Mean_ms,Latency_Long_Queries_P95_ms,Latency_Multi_Term_Mean_ms,Latency_Multi_Term_P95_ms,Latency_Phrase_Queries_Mean_ms,Latency_Phrase_Queries_P95_ms,Latency_Rare_Terms_Mean_ms,Latency_Rare_Terms_P95_ms,Latency_Single_Term_Mean_ms,Latency_Single_Term_P95_ms
1,SelfIndex_001_BOOL_CUST_NONE_Null_TERM,BOOLEAN,CUSTOM,NONE,TERMatat,Null,48.73,24.41,14.9,106.54,120.16,0.05,127.4,50.97,30.34,0.595,344.88,144.98,3809.8,0.2667,0.8056,0.3993,0.4715,1.0,23.62,37.31,16.31,30.32,0.07,0.1,110.06,124.87,31.38,54.33,21.58,40.71,0.75,1.82,11.93,21.37
2,SelfIndex_002_BOOL_CUST_NONE_Null_DOCa,BOOLEAN,CUSTOM,NONE,DOCatat,Null,40.62,27.51,16.2,127.47,136.9,0.06,140.49,47.4,28.71,0.606,344.88,144.98,3726.33,0.2667,0.8056,0.3993,0.4715,1.0,27.03,43.29,16.89,32.18,0.08,0.11,128.6,139.24,34.12,61.4,24.0,46.24,0.68,1.63,13.29,25.0
3,SelfIndex_003_BOOL_CUST_NONE_Skip_TERM,BOOLEAN,CUSTOM,NONE,TERMatat,Skipping,41.02,24.52,15.1,109.88,117.57,0.05,121.56,8.35,43.26,5.182,349.58,143.03,3661.7,0.2667,0.8056,0.3993,0.4715,1.0,22.97,36.55,15.69,29.31,0.08,0.1,110.88,120.17,31.67,55.94,22.66,43.64,0.69,1.66,11.97,21.51
4,SelfIndex_004_BOOL_CUST_NONE_Skip_DOCa,BOOLEAN,CUSTOM,NONE,DOCatat,Skipping,41.1,11.67,10.73,34.9,41.94,0.05,43.14,2.56,58.87,23.012,349.58,143.03,3632.6,0.2667,0.8056,0.3993,0.4715,1.0,13.48,23.04,13.24,24.56,0.07,0.1,34.13,42.72,13.99,28.67,11.08,22.0,0.56,1.31,9.54,16.79
5,SelfIndex_005_BOOL_CUST_CODE_Null_TERM,BOOLEAN,CUSTOM,CODE,TERMatat,Null,69.41,26.38,15.74,120.84,133.97,0.06,139.49,20.11,41.81,2.079,485.41,103.01,6841.62,0.1667,0.5278,0.2527,0.3082,1.0,22.98,37.17,17.07,32.1,0.08,0.11,124.14,137.57,34.33,64.83,21.68,41.6,0.74,1.78,13.24,23.81
6,SelfIndex_006_BOOL_CUST_CODE_Null_DOCa,BOOLEAN,CUSTOM,CODE,DOCatat,Null,68.0,29.98,17.2,140.26,154.99,0.06,161.91,13.47,39.69,2.947,485.41,103.01,6766.63,0.2667,0.8056,0.3993,0.4715,1.0,27.09,44.42,18.27,34.72,0.09,0.11,144.02,159.5,39.12,76.71,23.95,47.45,0.75,1.82,14.34,26.33
7,SelfIndex_007_BOOL_CUST_CODE_Skip_TERM,BOOLEAN,CUSTOM,CODE,TERMatat,Skipping,71.77,26.55,14.94,123.7,134.96,0.06,140.55,14.41,37.66,2.614,485.41,103.01,6689.6,0.1667,0.5278,0.2527,0.3082,1.0,23.39,37.63,17.12,32.62,0.08,0.1,125.96,138.6,34.5,64.87,21.89,42.79,0.72,1.76,12.7,23.53
8,SelfIndex_008_BOOL_CUST_CODE_Skip_DOCa,BOOLEAN,CUSTOM,CODE,DOCatat,Skipping,67.46,13.26,10.75,46.49,49.21,0.05,49.51,33.74,75.61,2.241,485.41,103.01,6632.75,0.2667,0.8056,0.3993,0.4715,1.0,12.72,21.49,13.96,25.73,0.07,0.09,44.26,49.41,17.33,39.17,10.79,21.91,0.73,2.08,10.7,19.41
9,SelfIndex_009_BOOL_CUST_CLIB_Null_TERM,BOOLEAN,CUSTOM,CLIB,TERMatat,Null,64.98,18.58,12.01,80.26,94.08,0.06,97.54,31.39,19.08,0.608,227.65,219.64,3652.32,0.2667,0.8056,0.3993,0.4715,1.0,15.31,24.45,12.07,21.92,0.08,0.1,86.28,96.33,25.32,48.38,14.26,26.33,0.67,1.64,10.23,18.74
10,SelfIndex_010_BOOL_CUST_CLIB_Null_DOCa,BOOLEAN,CUSTOM,CLIB,DOCatat,Null,67.88,32.56,12.27,89.61,364.73,0.05,397.47,20.58,19.02,0.924,227.65,219.64,3650.96,0.2667,0.8056,0.3993,0.4715,1.0,16.19,26.62,62.32,246.52,0.07,0.1,163.37,351.38,25.17,47.89,14.37,27.01,0.71,1.72,10.33,19.02
11,SelfIndex_011_BOOL_CUST_CLIB_Skip_TERM,BOOLEAN,CUSTOM,CLIB,TERMatat,Skipping,70.23,18.2,11.77,79.57,93.62,0.05,97.37,28.76,17.93,0.624,227.65,219.64,3587.9,0.2667,0.8056,0.3993,0.4715,1.0,14.64,23.28,11.76,21.48,0.07,0.09,85.64,96.06,24.57,47.03,13.62,25.09,0.69,1.68,10.13,18.59
12,SelfIndex_012_BOOL_CUST_CLIB_Skip_DOCa,BOOLEAN,CUSTOM,CLIB,DOCatat,Skipping,67.97,9.04,7.53,27.75,33.18,0.05,33.52,63.56,45.56,0.717,227.65,219.64,3522.32,0.2667,0.8056,0.3993,0.4715,1.0,7.8,12.5,10.37,19.17,0.07,0.08,26.28,32.06,12.18,28.58,6.49,12.94,1.0,3.25,9.14,16.89
13,SelfIndex_013_BOOL_DB1_NONE_Null_TERM,BOOLEAN,DB1,NONE,TERMatat,Null,41.99,72.82,14.78,107.81,1332.53,0.05,2245.94,49.98,27.26,0.545,484.64,103.17,3327.62,0.2667,0.8056,0.3993,0.4715,1.0,23.67,37.6,16.03,29.94,0.07,0.09,643.08,1927.31,30.86,54.69,21.61,41.3,0.68,1.65,12.26,22.96
14,SelfIndex_014_BOOL_DB1_NONE_Null_DOCa,BOOLEAN,DB1,NONE,DOCatat,Null,37.75,27.09,16.88,123.73,137.23,0.06,141.34,39.5,36.55,0.925,484.64,103.17,3243.5,0.2667,0.8056,0.3993,0.4715,1.0,27.52,42.23,16.71,31.82,0.08,0.09,127.02,139.91,33.97,62.18,22.85,44.53,0.73,1.72,12.56,22.77
15,SelfIndex_015_BOOL_DB1_NONE_Skip_TERM,BOOLEAN,DB1,NONE,TERMatat,Skipping,40.07,404.24,16.81,112.94,9581.42,0.05,16717.55,9.41,47.82,5.083,490.07,102.03,3213.52,0.2667,0.8056,0.3993,0.4715,1.0,23.2,36.75,16.06,30.21,0.08,0.1,110.24,120.63,31.21,55.26,21.44,40.99,0.74,1.77,2101.57,10874.71
16,SelfIndex_016_BOOL_DB1_NONE_Skip_DOCa,BOOLEAN,DB1,NONE,DOCatat,Skipping,40.19,11.71,10.64,36.2,41.14,0.05,43.08,4.23,62.28,14.722,490.07,102.03,3146.75,0.2667,0.8056,0.3993,0.4715,1.0,13.26,22.25,13.29,24.5,0.07,0.09,34.15,42.41,13.94,28.74,11.37,22.64,0.55,1.3,9.64,17.06
17,SelfIndex_017_BOOL_DB1_CODE_Null_TERM,BOOLEAN,DB1,CODE,TERMatat,Null,66.86,26.79,15.4,122.03,136.82,0.06,144.68,19.45,41.58,2.138,642.43,77.83,6326.12,0.1667,0.5278,0.2527,0.3082,1.0,25.27,39.02,17.23,32.69,0.08,0.1,126.23,141.94,34.97,65.54,21.72,42.53,0.73,1.78,12.44,23.27
18,SelfIndex_018_BOOL_DB1_CODE_Null_DOCa,BOOLEAN,DB1,CODE,DOCatat,Null,67.44,30.44,17.07,140.39,155.89,0.06,164.13,13.53,33.47,2.474,642.43,77.83,6262.0,0.2667,0.8056,0.3993,0.4715,1.0,27.52,45.68,19.67,36.84,0.08,0.11,144.44,161.26,40.43,79.03,24.54,49.05,0.78,1.97,13.92,25.75
19,SelfIndex_019_BOOL_DB1_CODE_Skip_TERM,BOOLEAN,DB1,CODE,TERMatat,Skipping,68.2,27.32,15.42,123.87,135.84,0.06,140.25,13.3,40.56,3.05,642.43,77.83,6231.55,0.1667,0.5278,0.2527,0.3082,1.0,23.94,39.59,19.51,37.22,0.08,0.11,127.27,138.71,36.82,67.78,21.85,43.22,0.79,1.87,12.38,23.36
20,SelfIndex_020_BOOL_DB1_CODE_Skip_DOCa,BOOLEAN,DB1,CODE,DOCatat,Skipping,71.02,13.35,10.9,46.38,48.38,0.05,49.3,36.73,62.12,1.691,642.43,77.83,6186.09,0.2667,0.8056,0.3993,0.4715,1.0,12.95,21.77,13.82,25.09,0.08,0.1,44.6,48.87,17.33,39.49,10.83,21.78,0.76,2.23,10.93,19.79
21,SelfIndex_021_BOOL_DB1_CLIB_Null_TERM,BOOLEAN,DB1,CLIB,TERMatat,Null,71.78,18.32,11.88,80.26,93.01,0.05,96.59,28.94,18.99,0.656,330.53,151.27,3265.86,0.2667,0.8056,0.3993,0.4715,1.0,14.65,23.49,11.75,21.44,0.08,0.11,85.8,95.34,24.96,48.04,13.85,25.77,0.69,1.66,10.23,18.91
22,SelfIndex_022_BOOL_DB1_CLIB_Null_DOCa,BOOLEAN,DB1,CLIB,DOCatat,Null,70.3,94.08,13.77,367.75,385.27,0.05,393.05,22.0,18.82,0.856,330.53,151.27,3206.62,0.2667,0.8056,0.3993,0.4715,1.0,74.13,255.64,60.68,230.77,0.07,0.1,373.18,390.34,159.03,291.47,60.26,233.54,0.68,1.64,73.97,266.88
23,SelfIndex_023_BOOL_DB1_CLIB_Skip_TERM,BOOLEAN,DB1,CLIB,TERMatat,Skipping,72.48,18.13,11.83,79.29,92.81,0.05,97.19,32.39,18.55,0.573,330.53,151.27,3125.15,0.2667,0.8056,0.3993,0.4715,1.0,14.74,23.5,11.75,21.42,0.08,0.11,84.97,95.67,24.51,47.0,13.66,25.18,0.69,1.73,10.02,17.98
24,SelfIndex_024_BOOL_DB1_CLIB_Skip_DOCa,BOOLEAN,DB1,CLIB,DOCatat,Skipping,71.49,9.03,7.55,27.69,32.72,0.05,33.41,71.49,44.24,0.619,330.53,151.27,3079.34,0.2667,0.8056,0.3993,0.4715,1.0,7.63,12.5,10.69,19.8,0.07,0.09,26.08,31.27,12.02,28.43,6.16,12.04,0.98,3.18,9.43,17.56
25,SelfIndex_025_WORD_CUST_NONE_Null_TERM,WORDCOUNT,CUSTOM,NONE,TERMatat,Null,44.62,74.68,15.58,115.43,1327.37,0.06,2234.88,48.51,27.5,0.567,389.37,128.41,2905.28,0.5,1.5,0.7473,0.9367,1.0,462.75,1794.17,16.19,30.28,0.09,0.12,112.62,123.11,31.46,55.56,22.13,41.95,0.74,1.78,12.29,22.13
26,SelfIndex_026_WORD_CUST_NONE_Null_DOCa,WORDCOUNT,CUSTOM,NONE,DOCatat,Null,41.06,27.53,16.29,127.29,138.4,0.05,142.51,45.12,26.26,0.582,389.37,128.41,2791.5,0.5,1.5,0.7473,0.9367,1.0,26.54,42.8,17.0,31.98,0.07,0.1,129.57,141.08,34.61,62.63,23.52,45.11,0.74,1.78,13.1,23.59
27,SelfIndex_027_WORD_CUST_NONE_Skip_TERM,WORDCOUNT,CUSTOM,NONE,TERMatat,Skipping,42.39,31.01,18.37,139.02,152.34,0.07,156.58,8.22,31.4,3.82,394.06,126.88,2893.72,0.5,1.5,0.7473,0.9367,1.0,28.52,46.88,20.59,39.48,0.09,0.11,141.76,155.1,40.66,72.21,27.54,52.91,0.82,2.0,14.65,27.72
28,SelfIndex_028_WORD_CUST_NONE_Skip_DOCa,WORDCOUNT,CUSTOM,NONE,DOCatat,Skipping,44.6,13.38,12.49,37.0,43.08,0.06,44.64,29.94,53.58,1.79,394.06,126.88,2833.05,0.5333,1.5833,0.7949,0.8807,1.0,14.9,25.46,16.85,31.15,0.08,0.1,35.17,44.09,15.55,31.87,12.8,25.87,0.62,1.52,12.31,22.13
29,SelfIndex_029_WORD_CUST_CODE_Null_TERM,WORDCOUNT,CUSTOM,CODE,TERMatat,Null,68.91,26.74,15.34,124.85,134.97,0.06,140.11,19.4,37.98,1.958,487.73,102.52,5948.1,0.5,1.5,0.7473,0.9367,1.0,23.48,38.17,17.7,32.99,0.08,0.1,126.1,138.32,34.97,65.64,22.42,43.88,0.77,1.84,12.43,22.65
30,SelfIndex_030_WORD_CUST_CODE_Null_DOCa,WORDCOUNT,CUSTOM,CODE,DOCatat,Null,69.37,30.72,17.03,144.03,159.03,0.06,165.82,12.93,33.18,2.567,487.73,102.52,5846.46,0.5,1.5,0.7473,0.9367,1.0,27.18,44.38,19.15,36.5,0.08,0.11,148.07,163.45,40.5,78.11,24.62,48.95,0.79,1.94,14.11,25.83
31,SelfIndex_031_WORD_CUST_CODE_Skip_TERM,WORDCOUNT,CUSTOM,CODE,TERMatat,Skipping,73.77,26.9,15.14,124.37,135.37,0.06,141.02,20.71,39.79,1.921,487.73,102.52,5899.1,0.5,1.5,0.7473,0.9367,1.0,23.86,38.49,17.66,33.02,0.08,0.11,127.41,139.05,34.98,66.06,22.5,43.94,0.76,1.83,12.38,22.3
32,SelfIndex_032_WORD_CUST_CODE_Skip_DOCa,WORDCOUNT,CUSTOM,CODE,DOCatat,Skipping,69.7,13.26,11.06,45.73,49.03,0.05,49.64,34.94,62.44,1.787,487.73,102.52,5758.07,0.5333,1.5833,0.7949,0.8807,1.0,12.8,21.45,14.11,25.58,0.08,0.09,44.18,49.43,17.13,38.55,10.81,21.65,0.77,2.21,10.7,19.22
33,SelfIndex_033_WORD_CUST_CLIB_Null_TERM,WORDCOUNT,CUSTOM,CLIB,TERMatat,Null,68.52,19.43,12.44,84.7,105.41,0.05,108.33,29.89,18.8,0.629,240.88,207.57,2780.34,0.5,1.5,0.7473,0.9367,1.0,15.24,24.33,12.27,22.38,0.07,0.09,94.23,107.31,25.76,49.65,14.07,25.83,0.74,1.84,10.56,19.09
34,SelfIndex_034_WORD_CUST_CLIB_Null_DOCa,WORDCOUNT,CUSTOM,CLIB,DOCatat,Null,72.75,19.39,12.72,84.39,99.41,0.05,104.22,28.51,17.79,0.624,240.88,207.57,2785.31,0.5,1.5,0.7473,0.9367,1.0,15.53,25.13,12.47,22.92,0.07,0.09,90.8,102.54,26.41,50.68,14.49,26.56,0.75,1.82,10.9,20.03
35,SelfIndex_035_WORD_CUST_CLIB_Skip_TERM,WORDCOUNT,CUSTOM,CLIB,TERMatat,Skipping,73.42,19.12,12.5,82.65,96.75,0.05,100.89,32.22,17.86,0.554,240.88,207.57,2692.05,0.5,1.5,0.7473,0.9367,1.0,15.28,24.23,12.44,22.67,0.07,0.09,88.94,99.45,26.13,50.13,14.38,26.28,0.74,1.83,10.84,19.93
36,SelfIndex_036_WORD_CUST_CLIB_Skip_DOCa,WORDCOUNT,CUSTOM,CLIB,DOCatat,Skipping,73.59,9.91,7.9,29.74,46.06,0.05,55.05,85.05,38.6,0.454,240.88,207.57,2672.64,0.5333,1.5833,0.7949,0.8807,1.0,7.52,12.37,10.59,19.81,0.07,0.09,27.88,33.6,17.12,46.36,6.34,12.39,1.1,3.65,9.45,17.47
37,SelfIndex_037_WORD_DB1_NONE_Null_TERM,WORDCOUNT,DB1,NONE,TERMatat,Null,46.16,24.73,15.15,110.77,120.56,0.06,124.97,47.91,29.44,0.615,532.21,93.95,2480.38,0.5,1.5,0.7473,0.9367,1.0,24.0,39.13,16.17,30.08,0.09,0.11,112.48,123.43,31.28,56.16,22.0,41.87,0.75,1.78,12.11,21.47
38,SelfIndex_038_WORD_DB1_NONE_Null_DOCa,WORDCOUNT,DB1,NONE,DOCatat,Null,42.81,29.15,20.3,129.67,140.17,0.06,142.28,41.55,24.39,0.587,532.21,93.95,2407.5,0.5,1.5,0.7473,0.9367,1.0,28.81,46.88,18.59,36.8,0.08,0.11,131.83,141.54,35.42,63.01,23.39,45.19,0.74,1.77,17.77,32.97
39,SelfIndex_039_WORD_DB1_NONE_Skip_TERM,WORDCOUNT,DB1,NONE,TERMatat,Skipping,41.61,32.33,21.55,135.65,155.49,0.07,164.13,4.07,30.33,7.452,537.84,92.96,2461.5,0.5,1.5,0.7473,0.9367,1.0,31.88,50.52,22.0,41.37,0.09,0.12,141.42,161.11,41.85,72.51,29.98,56.1,0.83,2.07,16.16,30.62
40,SelfIndex_040_WORD_DB1_NONE_Skip_DOCa,WORDCOUNT,DB1,NONE,DOCatat,Skipping,44.6,14.42,12.73,39.56,49.63,0.06,52.64,30.4,49.94,1.643,537.84,92.96,2432.64,0.5333,1.5833,0.7949,0.8807,1.0,17.65,26.98,20.65,40.56,0.08,0.11,36.94,50.72,15.71,32.38,12.8,25.84,0.61,1.5,12.42,22.88
41,SelfIndex_041_WORD_DB1_CODE_Null_TERM,WORDCOUNT,DB1,CODE,TERMatat,Null,74.03,27.41,16.07,125.88,137.2,0.06,143.87,20.5,44.35,2.163,646.05,77.39,5575.76,0.5,1.5,0.7473,0.9367,1.0,25.66,39.49,19.18,39.02,0.09,0.12,128.25,141.54,34.77,65.03,22.67,42.95,0.78,1.88,12.52,22.81
42,SelfIndex_042_WORD_DB1_CODE_Null_DOCa,WORDCOUNT,DB1,CODE,DOCatat,Null,69.56,31.07,17.03,142.95,162.12,0.06,173.03,11.93,33.76,2.829,646.05,77.39,5444.99,0.5,1.5,0.7473,0.9367,1.0,27.06,44.5,19.67,38.08,0.08,0.11,148.67,169.22,40.59,78.29,26.27,54.15,0.82,2.0,14.08,25.78
43,SelfIndex_043_WORD_DB1_CODE_Skip_TERM,WORDCOUNT,DB1,CODE,TERMatat,Skipping,69.65,28.02,15.2,131.14,143.05,0.06,143.69,12.33,35.5,2.879,646.05,77.39,5406.5,0.5,1.5,0.7473,0.9367,1.0,24.1,39.66,18.6,35.97,0.09,0.12,132.86,143.47,36.43,67.84,22.11,43.47,0.75,1.81,14.19,27.79
44,SelfIndex_044_WORD_DB1_CODE_Skip_DOCa,WORDCOUNT,DB1,CODE,DOCatat,Skipping,69.58,13.37,10.93,45.81,52.36,0.05,53.57,27.85,67.62,2.428,646.05,77.39,5354.24,0.5333,1.5833,0.7949,0.8807,1.0,12.86,21.42,14.29,26.09,0.07,0.09,45.65,53.15,17.16,38.74,10.57,21.24,0.6,1.44,10.7,19.11
45,SelfIndex_045_WORD_DB1_CLIB_Null_TERM,WORDCOUNT,DB1,CLIB,TERMatat,Null,72.03,19.42,12.51,83.56,98.74,0.06,103.42,30.29,17.65,0.583,344.45,145.16,2368.92,0.5,1.5,0.7473,0.9367,1.0,16.46,25.61,12.7,23.08,0.08,0.1,90.31,101.79,26.33,52.29,14.48,26.68,0.74,1.77,10.63,19.68
46,SelfIndex_046_WORD_DB1_CLIB_Null_DOCa,WORDCOUNT,DB1,CLIB,DOCatat,Null,74.8,33.51,12.93,94.26,371.68,0.05,403.74,21.17,19.11,0.902,344.45,145.16,2409.88,0.5,1.5,0.7473,0.9367,1.0,15.99,25.24,64.3,252.76,0.07,0.09,167.39,357.47,26.7,50.66,14.49,26.67,0.76,1.85,10.89,19.98
47,SelfIndex_047_WORD_DB1_CLIB_Skip_TERM,WORDCOUNT,DB1,CLIB,TERMatat,Skipping,75.82,59.35,13.35,366.85,394.85,0.05,395.91,21.05,18.14,0.862,344.45,145.16,2330.37,0.5,1.5,0.7473,0.9367,1.0,76.34,265.0,61.66,244.3,0.07,0.09,311.61,395.54,26.52,50.63,60.07,221.79,0.77,1.85,11.12,20.84
48,SelfIndex_048_WORD_DB1_CLIB_Skip_DOCa,WORDCOUNT,DB1,CLIB,DOCatat,Skipping,77.62,9.43,7.72,30.4,34.35,0.05,35.96,83.2,39.53,0.475,344.45,145.16,2303.65,0.5333,1.5833,0.7949,0.8807,1.0,7.63,12.61,10.68,20.39,0.07,0.09,28.96,31.95,13.02,30.71,6.42,12.54,0.63,1.51,9.54,17.9
49,SelfIndex_049_TFID_CUST_NONE_Null_TERM,TFIDF,CUSTOM,NONE,TERMatat,Null,51.54,24.1,14.84,110.72,120.47,0.05,122.53,32.98,43.92,1.332,634.05,78.86,4539.72,0.5,1.5,0.7473,0.9367,1.0,23.09,36.82,15.83,30.07,0.08,0.11,111.58,121.82,29.91,52.46,21.41,41.01,0.71,1.74,11.4,20.32
50,SelfIndex_050_TFID_CUST_NONE_Null_DOCa,TFIDF,CUSTOM,NONE,DOCatat,Null,48.87,25.2,14.77,109.51,129.19,0.06,132.57,33.45,40.2,1.202,634.05,78.86,4449.43,0.5,1.5,0.7473,0.9367,1.0,24.17,38.79,16.62,31.16,0.08,0.1,116.08,131.39,31.81,54.04,21.78,41.71,0.76,1.85,12.17,21.81
51,SelfIndex_051_TFID_CUST_NONE_Skip_TERM,TFIDF,CUSTOM,NONE,TERMatat,Skipping,51.26,24.37,15.63,107.28,118.95,0.06,121.92,7.72,43.2,5.595,638.74,78.28,4463.06,0.5,1.5,0.7473,0.9367,1.0,24.4,37.88,15.92,30.04,0.08,0.1,110.26,120.89,30.39,53.38,22.43,44.24,0.7,1.69,11.55,20.69
52,SelfIndex_052_TFID_CUST_NONE_Skip_DOCa,TFIDF,CUSTOM,NONE,DOCatat,Skipping,47.53,421.88,8.73,29.82,10353.27,0.06,18137.26,29.27,80.59,2.753,638.74,78.28,4379.5,0.5333,1.5833,0.7949,0.8807,1.0,3634.61,14512.89,12.29,22.76,0.08,0.1,26.46,34.24,11.56,24.03,10.0,19.94,0.55,1.3,9.65,17.87
53,SelfIndex_053_TFID_CUST_CODE_Null_TERM,TFIDF,CUSTOM,CODE,TERMatat,Null,81.78,29.15,15.82,127.68,149.45,0.05,157.25,17.63,38.58,2.189,574.27,87.07,6591.05,0.5,1.5,0.7473,0.9367,1.0,26.05,46.31,19.25,38.24,0.09,0.12,136.17,154.53,39.16,76.57,24.22,51.24,1.03,2.21,13.17,24.38
54,SelfIndex_054_TFID_CUST_CODE_Null_DOCa,TFIDF,CUSTOM,CODE,DOCatat,Null,81.77,33.12,17.54,155.57,174.21,0.05,186.86,12.22,36.09,2.955,574.27,87.07,6964.35,0.5,1.5,0.7473,0.9367,1.0,29.3,51.93,20.74,39.06,0.08,0.1,163.42,182.45,42.28,84.33,26.19,55.59,0.97,2.18,14.47,26.9
55,SelfIndex_055_TFID_CUST_CODE_Skip_TERM,TFIDF,CUSTOM,CODE,TERMatat,Skipping,81.02,29.09,15.44,136.92,154.62,0.05,155.85,9.64,38.12,3.954,574.27,87.07,6910.24,0.5,1.5,0.7473,0.9367,1.0,25.4,44.8,18.24,34.27,0.08,0.11,142.04,155.42,38.64,75.64,22.31,43.23,0.93,2.26,12.97,23.24
56,SelfIndex_056_TFID_CUST_CODE_Skip_DOCa,TFIDF,CUSTOM,CODE,DOCatat,Skipping,76.51,14.76,11.7,55.78,57.81,0.06,58.52,35.01,76.21,2.177,574.27,87.07,7006.41,0.5333,1.5833,0.7949,0.8807,1.0,13.43,22.51,16.16,32.81,1.59,4.15,52.18,58.27,18.47,42.24,11.32,22.56,0.65,1.57,11.15,19.41
57,SelfIndex_057_TFID_CUST_CLIB_Null_TERM,TFIDF,CUSTOM,CLIB,TERMatat,Null,82.43,22.96,14.44,96.32,117.3,0.05,123.37,30.69,16.8,0.547,269.76,185.35,1786.89,0.5,1.5,0.7473,0.9367,1.0,16.81,26.51,14.51,27.6,0.08,0.11,105.7,121.25,33.36,65.58,15.6,29.25,0.91,2.2,14.61,28.04
58,SelfIndex_058_TFID_CUST_CLIB_Null_DOCa,TFIDF,CUSTOM,CLIB,DOCatat,Null,85.11,57.15,14.59,377.41,420.35,0.05,424.66,20.8,17.5,0.841,269.76,185.35,1861.36,0.5,1.5,0.7473,0.9367,1.0,76.86,261.86,65.14,254.77,0.08,0.1,331.08,423.16,33.56,66.74,15.9,29.91,0.9,2.2,14.11,26.38
59,SelfIndex_059_TFID_CUST_CLIB_Skip_TERM,TFIDF,CUSTOM,CLIB,TERMatat,Skipping,85.1,36.71,14.42,119.52,326.66,0.05,333.61,20.66,16.88,0.817,269.76,185.35,1852.11,0.5,1.5,0.7473,0.9367,1.0,78.02,271.21,66.45,245.5,0.08,0.1,105.95,119.52,32.35,63.49,15.19,28.71,0.89,2.16,13.97,26.3
60,SelfIndex_060_TFID_CUST_CLIB_Skip_DOCa,TFIDF,CUSTOM,CLIB,DOCatat,Skipping,85.3,11.83,8.88,40.1,46.79,0.05,47.97,59.6,39.61,0.665,269.76,185.35,1789.68,0.5333,1.5833,0.7949,0.8807,1.0,8.2,13.64,12.69,25.19,0.07,0.09,37.16,44.69,17.16,41.18,7.09,14.02,1.25,4.11,12.68,23.55
61,SelfIndex_061_TFID_DB1_NONE_Null_TERM,TFIDF,DB1,NONE,TERMatat,Null,49.72,24.37,15.31,106.63,117.99,0.06,121.3,30.37,42.98,1.415,791.15,63.2,4169.12,0.5,1.5,0.7473,0.9367,1.0,25.66,40.25,15.72,29.6,0.08,0.1,109.24,120.14,30.26,53.12,22.03,43.0,0.7,1.7,11.84,20.9
62,SelfIndex_062_TFID_DB1_NONE_Null_DOCa,TFIDF,DB1,NONE,DOCatat,Null,48.91,25.2,14.36,115.4,127.88,0.07,131.84,33.43,40.93,1.224,791.15,63.2,4083.25,0.5,1.5,0.7473,0.9367,1.0,24.65,41.73,16.43,30.66,0.08,0.1,118.24,130.46,30.67,55.28,22.22,42.22,0.72,1.73,11.5,20.41
63,SelfIndex_063_TFID_DB1_NONE_Skip_TERM,TFIDF,DB1,NONE,TERMatat,Skipping,46.28,434.03,15.81,121.73,10325.93,0.07,18022.3,9.82,42.2,4.299,796.56,62.77,4034.88,0.5,1.5,0.7473,0.9367,1.0,23.91,40.33,15.94,30.07,0.1,0.14,118.19,123.65,3029.94,13532.05,21.39,40.79,0.7,1.69,12.11,20.69
64,SelfIndex_064_TFID_DB1_NONE_Skip_DOCa,TFIDF,DB1,NONE,DOCatat,Skipping,48.65,9.01,8.26,22.73,27.35,0.05,27.64,32.47,76.34,2.351,796.56,62.77,4000.88,0.5333,1.5833,0.7949,0.8807,1.0,10.47,18.25,11.79,21.83,0.07,0.09,19.21,26.65,11.31,23.27,9.21,18.51,0.53,1.23,8.78,16.01
65,SelfIndex_065_TFID_DB1_CODE_Null_TERM,TFIDF,DB1,CODE,TERMatat,Null,74.98,27.53,16.05,126.67,137.38,0.06,143.28,19.5,38.39,1.969,740.67,67.51,6727.88,0.5,1.5,0.7473,0.9367,1.0,25.46,39.74,18.7,36.85,0.09,0.11,129.73,141.22,34.99,66.32,23.17,44.31,0.76,1.83,12.4,22.42
66,SelfIndex_066_TFID_DB1_CODE_Null_DOCa,TFIDF,DB1,CODE,DOCatat,Null,74.95,31.62,17.22,143.07,162.34,0.07,168.77,12.05,34.0,2.821,740.67,67.51,6707.38,0.5,1.5,0.7473,0.9367,1.0,33.38,54.4,19.55,36.84,0.11,0.15,149.22,166.52,40.99,78.66,24.78,49.03,0.83,2.06,13.79,25.19
67,SelfIndex_067_TFID_DB1_CODE_Skip_TERM,TFIDF,DB1,CODE,TERMatat,Skipping,74.61,27.72,15.55,126.68,142.08,0.07,151.36,10.86,39.44,3.632,740.67,67.51,6671.13,0.5,1.5,0.7473,0.9367,1.0,25.01,41.7,18.98,36.22,0.09,0.12,130.52,148.12,36.55,71.68,22.54,44.03,0.79,1.92,12.41,22.92
68,SelfIndex_068_TFID_DB1_CODE_Skip_DOCa,TFIDF,DB1,CODE,DOCatat,Skipping,71.49,13.79,11.67,47.42,50.6,0.05,51.63,17.53,59.41,3.389,740.67,67.51,6633.5,0.5333,1.5833,0.7949,0.8807,1.0,13.47,22.62,14.62,26.69,0.08,0.1,45.4,51.03,18.38,41.28,11.62,22.51,0.63,1.52,10.77,18.88
69,SelfIndex_069_TFID_DB1_CLIB_Null_TERM,TFIDF,DB1,CLIB,TERMatat,Null,83.05,22.99,14.23,96.49,116.5,0.06,122.49,21.85,16.09,0.736,375.19,133.27,1442.91,0.5,1.5,0.7473,0.9367,1.0,17.22,27.37,15.26,28.71,0.09,0.11,105.99,120.4,33.2,65.14,15.37,28.95,0.9,2.22,14.09,26.36
70,SelfIndex_070_TFID_DB1_CLIB_Null_DOCa,TFIDF,DB1,CLIB,DOCatat,Null,88.23,23.19,14.56,98.82,117.17,0.05,122.98,26.83,17.89,0.667,375.19,133.27,1512.05,0.5,1.5,0.7473,0.9367,1.0,17.49,27.45,15.15,28.58,0.08,0.1,106.96,120.95,33.13,64.76,15.92,30.02,0.92,2.28,14.25,26.52
71,SelfIndex_071_TFID_DB1_CLIB_Skip_TERM,TFIDF,DB1,CLIB,TERMatat,Skipping,88.69,23.57,14.72,108.91,117.17,0.06,120.65,27.51,16.93,0.616,375.19,133.27,1528.81,0.5,1.5,0.7473,0.9367,1.0,16.73,26.54,14.47,27.76,0.09,0.12,110.35,119.44,32.71,64.04,15.35,29.06,0.9,2.22,16.37,31.29
72,SelfIndex_072_TFID_DB1_CLIB_Skip_DOCa,TFIDF,DB1,CLIB,DOCatat,Skipping,88.41,11.97,8.96,40.75,47.77,0.05,49.23,49.13,37.27,0.759,375.19,133.27,1515.71,0.5333,1.5833,0.7949,0.8807,1.0,8.15,13.71,13.0,26.42,0.07,0.09,38.21,45.27,17.69,42.27,7.2,14.16,0.79,1.95,12.63,23.62
